Paper,URL,Year,Writing Stage,Writing Context,Purpose,Specificity,Audience,Demographic Profile - Design,Demographic Profile - Evaluation,System Output Preferences - Design,System Output Preferences - Evaluation,Relationship to System - Design,Relationship to System - Evaluation,User Capabilities - Design,User Capabilities - Evaluation,Data - Source,Data - Size,Model - Type,Model - External Resource Access,Learning - Problem,Learning - Algorithm,Learning - Training and Adaptation,Evaluation - Evaluator,Evaluation - Focus,Scalability,User - Steering the System,User - Integrating System Output,UI - Interface Paradigm,UI - Layout,UI - Visual Differentiation,UI - Interaction Metaphor,UI - Initiation,System - Output Type,System - Curation Type,System - User Data Access,Digital Infrastructure,Social Factors,Locale,Access Model,Norms & Rules,Change Over Time
Recognizing Syntactic Errors in the Writing of Second Language Learners,https://aclanthology.org/P98-2196,1998,Revision,Professional,Educational,General Direction,Specified,Language & culture,Language & culture,Textual coherence,Textual coherence,"Ownership, Other","Ownership, Other",Writing expertise,Writing expertise,User,Medium (<10k),Rule-based model,"Tool, Data",Structured prediction,NA,Tuning decoding parameters,Automatic evaluation,Linguistic quality,Cost,Explicit,Selection,Text editor,Separated,Formatting,Tool,User-initiated,Analysis,Deterministic,Input text,NA,NA,NA,NA,NA,NA
The Role of Centering Theory's Rough-Shift in the Teaching and Evaluation of Writing Skills,https://aclanthology.org/P00-1052,2000,"Drafting, Revision",Academic,Educational,General Direction,Specified,Education,"Education, Profession",Textual coherence,Textual coherence,Ownership,Ownership,Writing expertise,Writing expertise,NA,NA,NA,NA,NA,NA,NA,NA,NA,NA,NA,NA,NA,Separated,NA,NA,NA,NA,NA,NA,NA,NA,NA,NA,NA,NA
PENS: A Machine-aided English Writing System for Chinese Users,https://aclanthology.org/P00-1067,2000,Drafting,NA,Translation,Nonspecific,Implied,Language & culture,Language & culture,Textual coherence,Textual coherence,Ownership,NA,Writing expertise,NA,Machine,Large (<1M),Statistical ML model,Data,Generation,Supervised learning,Fine-tuning,Automatic evaluation,Linguistic quality,Cost,Explicit,Selection,Text editor,Writing area,Formatting,Tool,User-initiated,"Proposal, Generation",Curated,Input text,NA,NA,NA,NA,NA,NA
A Writer's Collaborative Assistant,https://doi.org/10.1145/502716.502722,2002,Planning,Academic,Educational,Specific Objectives,Specified,Profession,"Profession, Education",NA,NA,Agency,Agency,Efficiency,Technical proficiency,Machine,NA,Rule-based model,Data,Structured prediction,Supervised learning,Other,Human evaluation,NA,Cost,No control,Inspiration,Text editor,Writing area,Location,Tool,System-initiated,Generation,Curated,Input text,"Usability consistency, Technical interoperability",Designing for social writing,Local writing,Free and open-source software,NA,Writing
Toward Evaluation of Writing Style: Overly Repetitious Word Use,https://aclanthology.org/E03-1003,2003,NA,NA,NA,NA,NA,Education,Profession,Textual diversity,Textual diversity,Ownership,Ownership,Writing expertise,Writing expertise,Expert,Medium (<10k),Deep neural network,NA,Classification,Supervised learning,Fine-tuning,Automatic evaluation,Linguistic quality,Cost,NA,NA,NA,NA,NA,NA,NA,NA,NA,NA,NA,NA,NA,NA,NA,NA
Automatic Analysis of Plot for Story Rewriting,https://aclanthology.org/W04-3217,2004,Revision,Creative,Educational,Specific Objectives,Specified,NA,NA,NA,NA,NA,NA,NA,NA,Expert,Medium (<10k),Statistical ML model,NA,Structured prediction,Supervised learning,Training from scratch,Automatic evaluation,Linguistic quality,Cost,NA,NA,NA,NA,NA,NA,NA,NA,NA,NA,NA,NA,NA,NA,NA,NA
Automated Japanese Essay Scoring System based on Articles Written by Experts,https://aclanthology.org/P06-1030,2006,NA,NA,NA,NA,NA,NA,NA,NA,NA,NA,NA,NA,NA,NA,NA,NA,NA,NA,NA,NA,NA,NA,NA,Explicit,No integration,Other,Separated,Location,Tool,User-initiated,Analysis,Deterministic,Input text,NA,NA,NA,NA,NA,NA
Is the Sky Pure Today? AwkChecker: An Assistive Tool for Detecting and Correcting Collocation Errors,https://doi.org/10.1145/1449715.1449736,2008,Revision,Academic,Educational,General Direction,Implied,Language & culture,Language & culture,"Textual coherence, Explainability",Explainability,"Transparency, Agency",Transparency,"Writing expertise, Cognition","Writing expertise, Confidence",Other,Unknown,Rule-based model,Data,"Classification, Generation",Unsupervised learning,NA,Human evaluation,Linguistic quality,NA,Explicit,"Inspiration, Selection",Text editor,Separated,Location,Tool,"User-initiated, System-initiated","Proposal, Generation",Model,Input text,Usability consistency,Designing with stakeholders,NA,Free and open-source software,Conventions,Writing
Common Sense Assistant for Writing Stories That Teach Social Skills,https://doi.org/10.1145/1358628.1358765,2008,Drafting,Creative,Accessibility,General Direction,Specified,NA,NA,"Textual coherence, Textual diversity","Textual coherence, Textual diversity",NA,NA,Empathy,Creativity,NA,Unknown,Rule-based model,NA,Generation,NA,NA,Human evaluation,Style & adequacy,NA,No control,Inspiration,Text editor,Separated,Location,"Tool, Hybrid","User-initiated, System-initiated",Proposal,Model,Input text,NA,Designing with stakeholders,NA,NA,Conventions,"Readers, Writing"
RiTa: Creativity Support for Computational Literature,https://doi.org/10.1145/1640233.1640265,2009,Drafting,Creative,Educational,Nonspecific,NA,"Profession, Education",Education,NA,NA,Transparency,NA,"Cognition, Creativity, Efficiency","Creativity, Confidence, Cognition",NA,NA,NA,NA,NA,NA,NA,NA,NA,NA,NA,NA,NA,NA,NA,NA,NA,NA,NA,NA,Technical interoperability,Designing with stakeholders,NA,Free and open-source software,NA,Writing
Motivating Expressive Writing with a Text-to-Sound Application,https://doi.org/10.1145/1753326.1753618,2010,Drafting,Personal,Narrative,General Direction,Specified,NA,NA,NA,NA,NA,NA,NA,NA,Expert,NA,Rule-based model,NA,Classification,NA,NA,Human evaluation,Style & adequacy,NA,No control,"Inspiration, No integration","Other, Text editor",Custom,NA,Tool,"User-initiated, System-initiated",Analysis,Model,Input text,NA,NA,NA,NA,NA,NA
Towards an Intelligent Reviewer's Assistant: Recommending Topics to Help Users to Write Better Product Reviews,https://doi.org/10.1145/2166966.2166995,2012,Drafting,Personal,Feedback,General Direction,Implied,NA,NA,Textual coherence,Textual coherence,NA,NA,NA,NA,User,Medium (<10k),Rule-based model,NA,Generation,NA,NA,"Automatic evaluation, Human-machine evaluation, Human evaluation","Style & adequacy, Linguistic quality",NA,No control,Inspiration,"Other, Text editor",Separated,Location,Tool,"User-initiated, Other",Proposal,Curated,Input text,Technical interoperability,Designing with stakeholders,NA,NA,Other,Writing
TransAhead: A Writing Assistant for CAT and CALL,https://aclanthology.org/E12-2004,2012,Drafting,Personal,Translation,Specific Objectives,Specified,NA,NA,NA,NA,NA,NA,NA,NA,Other,Unknown,Rule-based model,Data,Structured prediction,Supervised learning,NA,Automatic evaluation,Linguistic quality,Latency,Implicit,Inspiration,"Chatbot, Text editor","Writing area, Separated",Formatting,"Tool, Agent",System-initiated,Generation,"Customized, Model",Input text,NA,NA,NA,NA,NA,NA
TransAhead: A Computer-Assisted Translation and Writing Tool,https://aclanthology.org/N12-1036,2012,NA,NA,NA,NA,Specified,NA,NA,NA,NA,NA,NA,NA,NA,Other,Unknown,Rule-based model,Data,Structured prediction,Supervised learning,NA,Automatic evaluation,Linguistic quality,Latency,NA,NA,Text editor,NA,NA,NA,NA,NA,NA,NA,NA,NA,NA,NA,NA,NA
SWAN - Scientific Writing AssistaNt. A Tool for Helping Scholars to Write Reader-Friendly Manuscripts,https://aclanthology.org/E12-2005,2012,Revision,Academic,Expository,Detailed Requirements,Specified,Education,Education,Textual coherence,Textual coherence,Agency,Agency,Writing expertise,Writing expertise,NA,NA,NA,NA,NA,NA,NA,NA,NA,NA,"Implicit, Explicit","Inspiration, No integration",Other,Separated,Formatting,Tool,User-initiated,Analysis,"Curated, Model",Input text,NA,NA,NA,NA,NA,NA
"Detecting Boredom and Engagement during Writing with Keystroke Analysis, Task Appraisals, and Stable Traits",https://doi.org/10.1145/2449396.2449426,2013,NA,NA,NA,NA,NA,NA,NA,NA,NA,Agency,Agency,Emotion,Emotion,User,Medium (<10k),Statistical ML model,Data,Classification,Supervised learning,NA,Automatic evaluation,NA,Cost,NA,NA,NA,NA,NA,NA,NA,NA,NA,NA,NA,NA,NA,NA,NA,NA
WINGS:Writing with Intelligent Guidance and Suggestions,https://aclanthology.org/P14-5005,2014,NA,NA,NA,NA,NA,NA,Language & culture,Textual coherence,Textual coherence,NA,Trust,"Emotion, Efficiency",NA,Other,Large (<1M),"Statistical ML model, Rule-based model",Data,"Rewriting, Structured prediction, Generation",Unsupervised learning,NA,Automatic evaluation,Linguistic quality,Latency,"Implicit, Explicit",Selection,"Other, Text editor","Input UI, Separated",Location,Tool,System-initiated,"Proposal, Generation",Model,Input text,NA,NA,NA,NA,NA,NA
You're the Voice: Evaluating User Interfaces for Encouraging Underserved Youths to Express Themselves through Creative Writing,https://doi.org/10.1145/2757226.2757236,2015,NA,NA,NA,NA,NA,Socioeconomic status,"Socioeconomic status, Age","Textual diversity, Textual coherence","Textual diversity, Textual coherence",Agency,Agency,Creativity,Creativity,NA,NA,NA,NA,NA,NA,NA,NA,NA,NA,NA,NA,NA,NA,NA,NA,NA,NA,NA,NA,Usability consistency,Designing with stakeholders,Local writing,Free and open-source software,NA,Writing
Thesis Writer: A System for Supporting Academic Writing,https://doi.org/10.1145/2685553.2702687,2015,Planning,Academic,Expository,General Direction,Specified,"Education, Age, Profession","Age, Education",Textual coherence,NA,Ownership,Ownership,Writing expertise,NA,NA,NA,NA,NA,NA,NA,NA,NA,NA,NA,Implicit,Inspiration,Text editor,NA,NA,Tool,User-initiated,Generation,Model,Input text,NA,NA,NA,NA,NA,NA
Mining Memories: Designing a Platform to Support Social Media Based Writing,https://doi.org/10.1145/2702123.2702383,2015,Planning,Personal,Educational,General Direction,Specified,"Education, Age, Profession",Education,Textual coherence,Textual coherence,Agency,Agency,Writing expertise,Writing expertise,NA,NA,NA,NA,NA,NA,NA,NA,NA,NA,Implicit,Inspiration,Other,Custom,Media type,Tool,NA,Proposal,Customized,Other,"Usability consistency, Technical interoperability",Designing with stakeholders,Local writing,Free and open-source software,Conventions,Writing
Linguistic Template Extraction for Recognizing Reader-Emotion and Emotional Resonance Writing Assistance,https://aclanthology.org/P15-2127,2015,NA,NA,NA,NA,NA,NA,NA,NA,NA,NA,NA,NA,NA,"User, Other",Large (<1M),Statistical ML model,"Tool, Data",Classification,Supervised learning,NA,Automatic evaluation,Controllability,NA,NA,NA,NA,NA,NA,NA,NA,NA,NA,NA,NA,NA,NA,NA,NA,NA
InkWell: A Creative Writer's Creative Assistant,https://doi.org/10.1145/2757226.2757229,2015,Revision,Creative,"Descriptive, Entertainment",General Direction,NA,Profession,Profession,Personalization,"Personalization, Textual diversity",NA,NA,Creativity,Creativity,NA,Extremely large (>1M),Rule-based model,Data,Rewriting,NA,NA,Human evaluation,Controllability,Latency,Explicit,Inspiration,Other,Separated,Location,Hybrid,User-initiated,Proposal,Customized,Input text,NA,NA,NA,NA,NA,NA
WriteAhead2: Mining Lexical Grammar Patterns for Assisted Writing,https://aclanthology.org/N15-3022,2015,NA,NA,NA,NA,NA,Language & culture,NA,Textual coherence,Textual coherence,NA,NA,Writing expertise,Writing expertise,"Other, Expert","Unknown, Medium (<10k)",Rule-based model,Data,"Structured prediction, Retrieval",NA,NA,Human evaluation,Linguistic quality,NA,"No control, Explicit",Inspiration,Text editor,Separated,Location,Tool,System-initiated,Proposal,"Customized, Model",Input text,NA,NA,NA,NA,NA,NA
CroVeWA: Crosslingual Vector-Based Writing Assistance,https://aclanthology.org/N15-3019,2015,NA,NA,NA,NA,NA,Language & culture,NA,NA,NA,NA,NA,NA,NA,"Other, Expert","Unknown, Extremely large (>1M)",Deep neural network,Data,"Generation, Retrieval","Unsupervised learning, Supervised learning, Self-supervised learning",Training from scratch,NA,NA,NA,Explicit,No integration,Other,Separated,Location,Tool,User-initiated,Analysis,Model,Additional data,NA,NA,NA,NA,NA,NA
Using Context to Predict the Purpose of Argumentative Writing Revisions,https://aclanthology.org/N16-1168,2016,NA,NA,NA,NA,NA,NA,NA,NA,NA,NA,NA,NA,NA,Authors,"Small (<100), Medium (<10k)",Statistical ML model,Tool,Classification,Supervised learning,Training from scratch,Automatic evaluation,Linguistic quality,NA,NA,NA,NA,NA,NA,NA,NA,NA,NA,NA,NA,NA,NA,NA,NA,NA
Non-uniform Language Detection in Technical Writing,https://aclanthology.org/D16-1194,2016,NA,NA,NA,NA,NA,NA,NA,NA,NA,NA,NA,NA,NA,Other,Medium (<10k),Statistical ML model,"Tool, Data",Classification,Supervised learning,Training from scratch,Automatic evaluation,Other,NA,NA,NA,NA,NA,NA,NA,NA,NA,NA,NA,NA,NA,NA,NA,NA,NA
Compositional Sequence Labeling Models for Error Detection in Learner Writing,https://aclanthology.org/P16-1112,2016,NA,NA,NA,NA,NA,Language & culture,NA,NA,NA,NA,NA,Writing expertise,NA,User,Large (<1M),Deep neural network,NA,Classification,Supervised learning,Training from scratch,Automatic evaluation,Other,NA,NA,NA,NA,NA,NA,NA,NA,NA,NA,NA,NA,NA,NA,NA,NA,NA
Adapting Grammatical Error Correction Based on the Native Language of Writers with Neural Network Joint Models,https://aclanthology.org/D16-1195,2016,NA,NA,NA,NA,NA,Language & culture,Language & culture,Textual coherence,Textual coherence,NA,NA,Writing expertise,NA,User,Extremely large (>1M),Deep neural network,Tool,"Classification, Rewriting",Supervised learning,Fine-tuning,Automatic evaluation,Linguistic quality,Latency,NA,NA,NA,NA,NA,NA,NA,NA,NA,NA,NA,NA,NA,NA,NA,NA
ArgRewrite: A Web-based Revision Assistant for Argumentative Writings,https://aclanthology.org/N16-3008,2016,Revision,Academic,Persuasive,Specific Objectives,NA,"Education, Profession",NA,Explainability,NA,NA,NA,Writing expertise,NA,NA,NA,Statistical ML model,NA,Classification,NA,NA,NA,NA,NA,Explicit,No integration,Other,Separated,Formatting,Tool,User-initiated,Analysis,Deterministic,Input text,NA,NA,NA,NA,NA,NA
The arText prototype: An automatic system for writing specialized texts,https://aclanthology.org/E17-3015,2017,Revision,Professional,Expository,Specific Objectives,NA,Profession,Profession,Textual coherence,Textual coherence,NA,NA,Writing expertise,NA,NA,NA,Rule-based model,NA,Classification,NA,NA,NA,Style & adequacy,NA,Explicit,No integration,Text editor,Separated,NA,Tool,User-initiated,Analysis,Deterministic,Input text,Usability consistency,Designing with stakeholders,Local writing,Free and open-source software,Conventions,Writing
LyriSys: An Interactive Support System for Writing Lyrics Based on Topic Transition,https://doi.org/10.1145/3025171.3025194,2017,Drafting,Creative,Entertainment,"Detailed Requirements, General Direction",NA,Profession,Profession,NA,NA,NA,NA,Creativity,Creativity,"Other, Expert",Large (<1M),Statistical ML model,NA,Generation,Unsupervised learning,NA,NA,Style & adequacy,NA,Explicit,Editing,"Other, Text editor","Writing area, Custom","None, Location",Tool,User-initiated,Generation,Model,Input text,NA,NA,NA,NA,NA,NA
Paper Abstract Writing through Editing Mechanism,https://aclanthology.org/P18-2042,2018,NA,NA,NA,NA,NA,NA,NA,NA,NA,NA,NA,NA,NA,Expert,Medium (<10k),Deep neural network,NA,Generation,Supervised learning,Training from scratch,"Automatic evaluation, Human evaluation",Style & adequacy,NA,NA,NA,NA,NA,NA,NA,NA,NA,NA,NA,Usability consistency,"Other, Designing for social writing",Local writing,Free and open-source software,Conventions,Other
"Multitasking with Play Write, a Mobile Microproductivity Writing Tool",https://doi.org/10.1145/3242587.3242611,2018,Revision,"Professional, Academic, Journalistic, Technical, Creative",NA,Nonspecific,NA,NA,NA,NA,NA,NA,NA,Efficiency,Efficiency,NA,NA,NA,NA,NA,NA,NA,NA,NA,NA,Explicit,Selection,Other,"Custom, Separated",NA,Tool,NA,Proposal,Deterministic,"Additional data, Input text",Technical interoperability,Designing with stakeholders,Remote writing,Free and open-source software,NA,NA
MirrorU: Scaffolding Emotional Reflection via In-Situ Assessment and Interactive Feedback,https://doi.org/10.1145/3170427.3188517,2018,Drafting,Personal,Descriptive,Detailed Requirements,Implied,NA,NA,Personalization,Personalization,Ownership,Ownership,Emotion,Emotion,"User, Expert",Medium (<10k),Statistical ML model,NA,Classification,Supervised learning,NA,Automatic evaluation,NA,NA,No control,"Inspiration, No integration","Other, Text editor",Separated,Media type,Tool,System-initiated,Analysis,Customized,Input text,Technical interoperability,Designing with stakeholders,Remote writing,Free and open-source software,NA,Writing
Itero: A Revision History Analytics Tool for Exploring Writing Behavior and Reflection,https://doi.org/10.1145/3170427.3188474,2018,Revision,Academic,NA,Detailed Requirements,NA,Education,Education,NA,NA,NA,NA,Efficiency,Efficiency,NA,NA,NA,NA,NA,NA,NA,NA,NA,NA,"No control, Implicit",No integration,Other,Custom,Media type,Tool,User-initiated,Analysis,"Deterministic, Customized",Input text,Technical interoperability,"Designing with stakeholders, Designing for social writing",NA,NA,NA,Authors
IntroAssist: A Tool to Support Writing Introductory Help Requests,https://doi.org/10.1145/3173574.3173596,2018,Drafting,Professional,Persuasive,Specific Objectives,Implied,"Profession, Socioeconomic status",NA,NA,NA,NA,NA,"Writing expertise, Confidence",Confidence,NA,NA,NA,NA,NA,NA,NA,NA,NA,NA,No control,No integration,Text editor,Separated,Location,Tool,User-initiated,Proposal,"Curated, Deterministic",Input text,NA,Designing with stakeholders,Local writing,NA,Conventions,Writing
Feedback Orchestration: Structuring Feedback for Facilitating Reflection and Revision in Writing,https://doi.org/10.1145/3272973.3274069,2018,Revision,"Academic, Creative","Educational, Analytical","Detailed Requirements, General Direction",Specified,"Language & culture, Education",Language & culture,Explainability,NA,NA,NA,Writing expertise,Writing expertise,Other,NA,Rule-based model,NA,Classification,NA,NA,Human evaluation,Other,NA,"No control, Explicit",No integration,"Other, Text editor",Separated,"None, Location",Tool,User-initiated,Analysis,"Deterministic, Customized",Input text,NA,Designing with stakeholders,NA,NA,Conventions,Authors
Demonstrating Par4Sem - A Semantic Writing Aid with Adaptive Paraphrasing,https://aclanthology.org/D18-2009,2018,Revision,Other,Accessibility,General Direction,Specified,NA,NA,NA,NA,NA,NA,NA,NA,Other,Large (<1M),"Statistical ML model, Deep neural network",Tool,"Classification, Regression, Retrieval","Supervised learning, Reinforcement learning",Fine-tuning,Human-machine evaluation,Other,NA,"No control, Explicit",Selection,Text editor,Writing area,Formatting,Tool,User-initiated,"Proposal, Generation",Model,Input text,NA,Designing with stakeholders,NA,Free and open-source software,Other,NA
Creative Writing with a Machine in the Loop: Case Studies on Slogans and Stories,https://doi.org/10.1145/3172944.3172983,2018,Drafting,Creative,"Narrative, Persuasive",General Direction,Implied,NA,Profession,"Textual coherence, Textual diversity","Textual coherence, Textual diversity",NA,Agency,"Creativity, Cognition","Creativity, Writing expertise",Other,Medium (<10k),Deep neural network,NA,Generation,"Unsupervised learning, Supervised learning",Fine-tuning,Human evaluation,"Style & adequacy, Linguistic quality",NA,"Implicit, Explicit",Selection,Text editor,Separated,Location,"Tool, Agent",User-initiated,"Proposal, Generation",Model,Input text,NA,Designing with stakeholders,NA,Free and open-source software,NA,"Authors, Writing"
Content Explorer: Recommending Novel Entities for a Document Writer,https://aclanthology.org/D18-1374,2018,NA,NA,NA,NA,NA,NA,NA,Textual coherence,Textual coherence,NA,NA,NA,NA,Other,Extremely large (>1M),Statistical ML model,NA,Classification,Supervised learning,NA,Human evaluation,Style & adequacy,NA,NA,NA,NA,NA,NA,NA,NA,NA,NA,NA,NA,NA,NA,NA,NA,NA
Automated Assistance for Creative Writing with an RNN Language Model,https://doi.org/10.1145/3180308.3180329,2018,Drafting,Creative,Narrative,"Nonspecific, General Direction","Implied, Other",NA,NA,"Textual diversity, Textual coherence",Textual coherence,Trust,Trust,Creativity,Creativity,"Other, Expert",Medium (<10k),Deep neural network,NA,Generation,"Unsupervised learning, Self-supervised learning",Training from scratch,"Human-machine evaluation, Human evaluation",Linguistic quality,NA,"Implicit, Explicit","Editing, Inspiration",Text editor,Writing area,Formatting,Tool,User-initiated,Generation,Model,Input text,Usability consistency,"Other, Designing with stakeholders, Designing for social writing",Local writing,Free and open-source software,NA,Authors
A Corpus of Non-Native Written English Annotated for Metaphor,https://aclanthology.org/N18-2014,2018,NA,NA,NA,NA,NA,NA,NA,NA,NA,NA,NA,NA,NA,User,Medium (<10k),NA,NA,NA,NA,NA,NA,NA,NA,NA,NA,NA,NA,NA,NA,NA,NA,NA,NA,Technical interoperability,Designing with stakeholders,Local writing,Free and open-source software,Conventions,Writing
Toward a Task of Feedback Comment Generation for Writing Learning,https://aclanthology.org/D19-1316,2019,Revision,Academic,Educational,Specific Objectives,Specified,Education,NA,Explainability,Explainability,NA,NA,NA,NA,"User, Other",Medium (<10k),Deep neural network,Tool,Classification,Supervised learning,Training from scratch,Automatic evaluation,Style & adequacy,NA,NA,NA,NA,NA,NA,NA,NA,NA,NA,NA,Usability consistency,NA,Local writing,Free and open-source software,NA,Technologies
"Plan, Write, and Revise: an Interactive System for Open-Domain Story Generation",https://aclanthology.org/N19-4016,2019,"Planning, Drafting, Revision",Creative,Entertainment,Nonspecific,Implied,NA,NA,Textual coherence,Textual diversity,Agency,Trust,Creativity,Creativity,NA,NA,Deep neural network,Data,Generation,NA,Tuning decoding parameters,Human evaluation,Controllability,NA,Explicit,Selection,Other,Separated,Location,Tool,User-initiated,Generation,Model,Input text,Usability consistency,"Designing with stakeholders, Designing for social writing",Local writing,Free and open-source software,Conventions,Writing
On How Users Edit Computer-Generated Visual Stories,https://doi.org/10.1145/3290607.3312965,2019,Revision,Creative,"Narrative, Expository, Entertainment",NA,Specified,NA,NA,NA,NA,NA,NA,NA,NA,NA,NA,NA,NA,NA,NA,NA,NA,NA,NA,NA,NA,NA,NA,NA,NA,NA,NA,NA,NA,Technical interoperability,Designing with stakeholders,Local writing,NA,Conventions,"Technologies, Writing"
Neural-based Chinese Idiom Recommendation for Enhancing Elegance in Essay Writing,https://aclanthology.org/P19-1552,2019,Revision,NA,Descriptive,Specific Objectives,Implied,NA,NA,NA,NA,NA,NA,NA,NA,Other,Medium (<10k),Statistical ML model,NA,Structured prediction,Unsupervised learning,Training from scratch,Automatic evaluation,Linguistic quality,NA,NA,NA,NA,NA,NA,NA,NA,NA,NA,NA,NA,NA,NA,NA,NA,NA
Metaphoria: An Algorithmic Companion for Metaphor Creation,https://doi.org/10.1145/3290605.3300526,2019,Idea generation,Creative,"Narrative, Descriptive","Detailed Requirements, Specific Objectives",Specified,Profession,Profession,"Textual coherence, Textual diversity","Textual diversity, Textual coherence",Agency,"Agency, Ownership",Creativity,Creativity,User,NA,"Deep neural network, Rule-based model",Tool,"Generation, Structured prediction",Unsupervised learning,NA,Human evaluation,"Style & adequacy, Linguistic quality",NA,No control,Inspiration,Other,Separated,Location,Tool,User-initiated,Generation,Model,Input text,Usability consistency,"Designing with stakeholders, Designing for social writing",Local writing,Free and open-source software,Other,Writing
Learning Emphasis Selection for Written Text in Visual Media from Crowd-Sourced Label Distributions,https://aclanthology.org/P19-1112,2019,NA,NA,NA,NA,NA,NA,NA,NA,NA,NA,NA,NA,NA,"Other, Expert",Medium (<10k),Deep neural network,Data,Generation,Unsupervised learning,Training from scratch,Human evaluation,Other,NA,NA,NA,NA,NA,NA,NA,NA,NA,NA,NA,NA,NA,NA,NA,NA,NA
iComposer: An Automatic Songwriting System for Chinese Popular Music,https://aclanthology.org/N19-4015,2019,Drafting,Creative,Entertainment,Nonspecific,Specified,NA,NA,NA,NA,NA,NA,NA,NA,Other,Medium (<10k),Deep neural network,NA,Structured prediction,Unsupervised learning,NA,"Human-machine evaluation, Human evaluation",Style & adequacy,NA,NA,NA,NA,NA,NA,NA,NA,NA,NA,NA,NA,NA,NA,NA,NA,NA
"How a Stylistic, Machine-Generated Thesaurus Impacts a Writer's Process",https://doi.org/10.1145/3325480.3326573,2019,Drafting,Creative,Descriptive,General Direction,Implied,NA,Education,Textual diversity,Textual coherence,NA,NA,Writing expertise,Writing expertise,Other,Large (<1M),Statistical ML model,NA,Structured prediction,Supervised learning,Training from scratch,Human evaluation,Linguistic quality,NA,NA,NA,NA,NA,NA,NA,NA,NA,NA,NA,NA,Designing with stakeholders,NA,Free and open-source software,NA,Writing
Empowering Expression for Users with Aphasia through Constrained Creativity,https://doi.org/10.1145/3290605.3300615,2019,Drafting,Creative,Accessibility,"General Direction, Specific Objectives","Implied, Specified",NA,NA,Textual diversity,Textual diversity,Ownership,Ownership,Creativity,"Creativity, Efficiency, Neurodiversity",NA,NA,Rule-based model,NA,NA,NA,NA,Automatic evaluation,NA,NA,NA,NA,NA,NA,NA,NA,NA,NA,NA,NA,NA,Designing with stakeholders,NA,Free and open-source software,Conventions,Writing
Design and Evaluation of a Social Media Writing Support Tool for People with Dyslexia,https://doi.org/10.1145/3290605.3300746,2019,Revision,Personal,Accessibility,General Direction,Implied,Other,Other,Textual coherence,Textual coherence,NA,Privacy,Confidence,Confidence,Crowdworker,Large (<1M),Deep neural network,NA,Rewriting,Supervised learning,NA,Automatic evaluation,Linguistic quality,NA,No control,Selection,Text editor,Separated,None,Tool,User-initiated,Generation,Model,Input text,Usability consistency,Designing with stakeholders,NA,Commercial software,Conventions,Writing
Character Alive: A Tangible Reading and Writing System for Chinese Children At-Risk for Dyslexia,https://doi.org/10.1145/3290607.3312756,2019,Other,Other,Educational,Specific Objectives,NA,Age,NA,NA,NA,NA,NA,Neurodiversity,NA,NA,NA,NA,NA,NA,NA,NA,NA,NA,NA,NA,NA,NA,NA,NA,NA,NA,NA,NA,NA,NA,"Other, Designing with stakeholders",Other,NA,NA,Authors
TEASPN: Framework and Protocol for Integrated Writing Assistance Environments,https://aclanthology.org/D19-3039,2019,NA,NA,NA,NA,NA,NA,NA,NA,NA,NA,NA,NA,NA,NA,NA,NA,NA,NA,NA,NA,NA,NA,NA,NA,NA,NA,NA,NA,NA,NA,NA,NA,NA,Technical interoperability,NA,NA,Free and open-source software,NA,Technologies
Writing Strategies for Science Communication: Data and Computational Analysis,https://aclanthology.org/2020.emnlp-main.429,2020,"Planning, Drafting",Academic,Expository,Nonspecific,Implied,NA,NA,NA,NA,NA,NA,NA,NA,"User, Other",Large (<1M),"Foundation model, Deep neural network",NA,Classification,Supervised learning,Fine-tuning,"Automatic evaluation, Human-machine evaluation","Style & adequacy, Linguistic quality",NA,NA,NA,NA,NA,NA,NA,NA,NA,NA,NA,NA,NA,NA,NA,Conventions,NA
Predictive Text Encourages Predictable Writing,https://doi.org/10.1145/3377325.3377523,2020,NA,NA,NA,NA,NA,NA,NA,Textual diversity,Textual diversity,Ownership,Ownership,Efficiency,Efficiency,"Other, Expert","Unknown, Large (<1M)",Deep neural network,NA,Generation,Supervised learning,NA,Automatic evaluation,Style & adequacy,Latency,"Other, Implicit",Selection,Text editor,"Input UI, Separated","None, Location",Tool,"Other, System-initiated",Generation,Model,Input text,NA,Designing with stakeholders,NA,NA,NA,"Information environment, Writing"
Lexichrome: Text Construction and Lexical Discovery with Word-Color Associations Using Interactive Visualization,https://doi.org/10.1145/3357236.3395503,2020,NA,NA,NA,NA,NA,Profession,Profession,"Textual diversity, Textual coherence","Textual diversity, Textual coherence",Ownership,Ownership,Creativity,Creativity,Crowdworker,Large (<1M),Rule-based model,NA,NA,NA,NA,Human evaluation,Other,NA,"No control, Implicit",No integration,"Other, Text editor",Separated,Location,Tool,User-initiated,Analysis,Deterministic,Input text,NA,Designing with stakeholders,Local writing,Free and open-source software,Conventions,"Readers, Authors, Writing"
Investigating the Effects of Self-Avatars and Story-Relevant Avatars on Children's Creative Storytelling,https://doi.org/10.1145/3313831.3376331,2020,"Planning, Drafting",Creative,"Educational, Narrative, Entertainment","General Direction, Specific Objectives",Specified,Age,Age,"Other, Personalization",Other,"Ownership, Agency",Ownership,Creativity,Creativity,NA,NA,NA,NA,NA,NA,NA,NA,NA,NA,"Implicit, Explicit",Inspiration,Other,Custom,Media type,"Tool, Other",User-initiated,"Proposal, Generation",Customized,Other,NA,NA,NA,NA,NA,NA
Exploring the Effects of Technological Writing Assistance for Support Providers in Online Mental Health Community,https://doi.org/10.1145/3313831.3376695,2020,Revision,"Personal, Other","Accessibility, Other","Nonspecific, Specific Objectives","Implied, Specified",NA,Education,"Textual diversity, Other, Textual coherence","Textual diversity, Other, Textual coherence",Ownership,"Ownership, Transparency","Emotion, Neurodiversity","Emotion, Empathy, Neurodiversity",Other,Large (<1M),Statistical ML model,NA,Classification,Supervised learning,Training from scratch,Human-machine evaluation,"Style & adequacy, Linguistic quality, Ethics",NA,"No control, Implicit",Inspiration,"Other, Text editor",Separated,Location,Tool,"User-initiated, System-initiated","Proposal, Analysis",Model,Input text,NA,NA,NA,NA,NA,NA
LinggleWrite: a Coaching System for Essay Writing,https://aclanthology.org/2020.acl-demos.17,2020,NA,NA,NA,NA,NA,NA,NA,NA,NA,NA,NA,NA,NA,"User, Other",Large (<1M),Deep neural network,NA,"Classification, Structured prediction","Unsupervised learning, Supervised learning",Training from scratch,Automatic evaluation,Linguistic quality,NA,"Implicit, Explicit","Inspiration, Selection",Text editor,Separated,"Formatting, Location",Tool,User-initiated,Analysis,Model,Input text,NA,NA,NA,NA,NA,NA
AMesure: A Web Platform to Assist the Clear Writing of Administrative Texts,https://aclanthology.org/2020.aacl-demo.1,2020,Revision,Professional,Analytical,General Direction,Specified,Profession,Profession,NA,NA,Ownership,Ownership,Writing expertise,NA,Other,Medium (<10k),Rule-based model,NA,Regression,NA,NA,Human evaluation,Linguistic quality,NA,"No control, Implicit","Inspiration, No integration","Other, Text editor","Custom, Separated",Location,Tool,"User-initiated, Other",Analysis,"Curated, Model",Input text,Usability consistency,NA,Local writing,Free and open-source software,"Conventions, Laws",Regulation
The Impact of Multiple Parallel Phrase Suggestions on Email Input and Composition Behaviour of Native and Non-Native English Writers,https://doi.org/10.1145/3411764.3445372,2021,Drafting,Other,NA,"Nonspecific, General Direction",Implied,Language & culture,Language & culture,NA,Textual diversity,Ownership,Ownership,"Efficiency, Creativity",Efficiency,User,Large (<1M),Foundation model,NA,Generation,Unsupervised learning,Fine-tuning,Human-machine evaluation,Other,NA,"No control, Implicit",Selection,Text editor,Writing area,"None, Location",Tool,"User-initiated, System-initiated",Generation,Model,Input text,Usability consistency,"Designing with stakeholders, Designing for social writing",Local writing,NA,Conventions,Writing
Supporting Cognitive and Emotional Empathic Writing of Students,https://aclanthology.org/2021.acl-long.314,2021,Revision,Professional,Educational,Specific Objectives,"Implied, Specified",Education,Education,Other,Other,NA,NA,Empathy,Empathy,"User, Expert",Medium (<10k),Deep neural network,NA,"Classification, Regression",Supervised learning,Training from scratch,"Automatic evaluation, Human evaluation",Other,NA,No control,No integration,"Other, Text editor",Custom,Location,Tool,User-initiated,Analysis,Curated,Input text,NA,"Designing with stakeholders, Designing for social writing",NA,Free and open-source software,"Conventions, Other",Writing
Supporting Spanish Writers using Automated Feedback,https://aclanthology.org/2021.naacl-demos.14,2021,Revision,Other,Educational,"General Direction, Specific Objectives","Implied, Specified","Language & culture, Education","Language & culture, Education",Textual coherence,Textual coherence,Ownership,Ownership,Writing expertise,Writing expertise,NA,NA,NA,NA,NA,NA,NA,NA,NA,NA,"No control, Implicit","Inspiration, No integration","Other, Text editor",Separated,Location,Tool,User-initiated,Analysis,Model,Input text,NA,NA,NA,NA,NA,NA
Story Centaur: Large Language Model Few Shot Learning as a Creative Writing Tool,https://aclanthology.org/2021.eacl-demos.29,2021,NA,NA,NA,NA,NA,Profession,NA,NA,NA,NA,NA,Creativity,Creativity,NA,Unknown,Foundation model,NA,Generation,Reinforcement learning,Prompt Engineering,NA,Controllability,NA,Explicit,Selection,Other,"Custom, Separated",Location,"Tool, Hybrid","User-initiated, Other",Generation,Model,Input text,NA,NA,NA,NA,NA,NA
SonAmi: A Tangible Creativity Support Tool for Productive Procrastination,https://doi.org/10.1145/3450741.3465250,2021,Idea generation,Creative,Narrative,Specific Objectives,Specified,Profession,Profession,Other,NA,Ownership,Ownership,Creativity,Creativity,NA,NA,NA,NA,NA,NA,NA,NA,NA,NA,NA,NA,NA,NA,NA,NA,NA,NA,NA,NA,Technical interoperability,Designing with stakeholders,Local writing,NA,NA,"Authors, Writing"
Poetry Machines: Eliciting Designs for Interactive Writing Tools from Poets,https://doi.org/10.1145/3450741.3466813,2021,"Drafting, Idea generation, Revision",Creative,NA,NA,NA,NA,NA,NA,NA,NA,NA,Writing expertise,NA,NA,NA,NA,NA,NA,NA,NA,NA,NA,NA,Explicit,Other,NA,NA,NA,Tool,User-initiated,"Proposal, Generation",NA,Input text,NA,Designing with stakeholders,Local writing,NA,Conventions,Writing
Exploring Methods for Generating Feedback Comments for Writing Learning,https://aclanthology.org/2021.emnlp-main.766,2021,Revision,Other,Educational,NA,Specified,Education,NA,NA,NA,Ownership,Ownership,Writing expertise,NA,"Other, Expert",Large (<1M),Deep neural network,NA,Generation,Unsupervised learning,Training from scratch,Human evaluation,"Style & adequacy, Other",NA,NA,NA,NA,NA,NA,NA,NA,NA,NA,NA,NA,NA,NA,NA,NA,NA
Effective Interfaces for Student-Driven Revision Sessions for Argumentative Writing,https://doi.org/10.1145/3411764.3445683,2021,Revision,Professional,Persuasive,General Direction,Specified,Education,Education,NA,NA,NA,NA,Writing expertise,Writing expertise,NA,NA,Other,NA,Classification,NA,NA,NA,NA,NA,No control,No integration,"Other, Text editor",Custom,Formatting,Tool,System-initiated,Analysis,Deterministic,Input text,NA,NA,NA,NA,NA,NA
Choose Your Own Adventure: Paired Suggestions in Collaborative Writing for Evaluating Story Generation Models,https://aclanthology.org/2021.naacl-main.279,2021,Drafting,Creative,Narrative,Specific Objectives,Specified,Profession,"Language & culture, Profession",Textual coherence,Textual coherence,Agency,Agency,Creativity,Writing expertise,Other,Large (<1M),Deep neural network,Other,Generation,Unsupervised learning,Fine-tuning,Human evaluation,Style & adequacy,NA,Explicit,Selection,Other,Separated,Location,Hybrid,User-initiated,Generation,Model,Input text,NA,Designing with stakeholders,NA,NA,NA,Writing
CharacterChat: Supporting the Creation of Fictional Characters through Conversation and Progressive Manifestation with a Chatbot,https://doi.org/10.1145/3450741.3465253,2021,Idea generation,Creative,"Descriptive, Feedback",Specific Objectives,Specified,Profession,"Education, Profession",Textual diversity,Textual diversity,Other,Other,Creativity,Creativity,Other,Extremely large (>1M),Deep neural network,NA,Generation,NA,NA,Human evaluation,Controllability,NA,Explicit,Inspiration,Chatbot,Other,Location,Agent,User-initiated,Generation,"Model, Customized",Input text,NA,Designing with stakeholders,NA,NA,NA,Writing
BunCho: AI Supported Story Co-Creation via Unsupervised Multitask Learning to Increase Writers’ Creativity in Japanese,https://doi.org/10.1145/3411763.3450391,2021,Idea generation,Creative,Narrative,General Direction,Implied,Language & culture,Language & culture,Textual coherence,Textual coherence,NA,NA,Writing expertise,Writing expertise,Other,Extremely large (>1M),Deep neural network,NA,Generation,Unsupervised learning,Fine-tuning,Human evaluation,Linguistic quality,NA,Implicit,Selection,Other,Custom,Location,"Tool, Hybrid",User-initiated,Generation,Model,"Input text, Additional data",NA,Designing with stakeholders,Remote writing,NA,NA,Writing
Breaking Writer's Block: Low-cost Fine-tuning of Natural Language Generation Models,https://aclanthology.org/2021.eacl-demos.33,2021,"Drafting, Idea generation","Personal, Creative","Narrative, Expository","Nonspecific, General Direction",Implied,NA,NA,NA,NA,NA,NA,NA,NA,Other,"Unknown, Medium (<10k)","Foundation model, Deep neural network",Data,Generation,Self-supervised learning,Fine-tuning,Automatic evaluation,"Controllability, Style & adequacy, Linguistic quality",Cost,Explicit,"Editing, Selection",Text editor,Writing area,Formatting,"Tool, Hybrid",User-initiated,Generation,"Deterministic, Model",Input text,NA,NA,NA,NA,NA,NA
Beyond Grammatical Error Correction: Improving L1-influenced research writing in English using pre-trained encoder-decoder models,https://aclanthology.org/2021.findings-emnlp.216,2021,Revision,Academic,"Expository, Translation",General Direction,Implied,"Language & culture, Profession",Profession,Other,Other,NA,NA,Writing expertise,Writing expertise,Other,"Extremely large (>1M), Large (<1M)",Deep neural network,NA,"Generation, Rewriting",Unsupervised learning,Fine-tuning,Machine-learned evaluation,Linguistic quality,NA,NA,NA,NA,NA,NA,NA,NA,NA,NA,NA,NA,NA,NA,NA,NA,NA
DRAG: Director-Generator Language Modelling Framework for Non-Parallel Author Stylized Rewriting,https://aclanthology.org/2021.eacl-main.73,2021,NA,NA,NA,NA,NA,NA,NA,NA,NA,NA,NA,NA,NA,Other,Extremely large (>1M),Deep neural network,NA,Generation,Unsupervised learning,Fine-tuning,Automatic evaluation,Linguistic quality,NA,NA,NA,NA,NA,NA,NA,NA,NA,NA,NA,NA,NA,NA,NA,NA,NA
“I Wrote as If I Were Telling a Story to Someone I Knew.”: Designing Chatbot Interactions for Expressive Writing in Mental Health,https://doi.org/10.1145/3461778.3462143,2021,Drafting,Personal,Other,General Direction,NA,NA,Other,Personalization,Personalization,Privacy,Transparency,Emotion,Emotion,NA,NA,NA,NA,NA,NA,NA,NA,NA,NA,No control,No integration,Chatbot,Custom,NA,Tool,System-initiated,Other,Deterministic,Input text,"Usability consistency, Technical interoperability",Designing with stakeholders,Remote writing,NA,Conventions,Authors
“I Can’t Reply with That”: Characterizing Problematic Email Reply Suggestions,https://doi.org/10.1145/3411764.3445557,2021,NA,NA,NA,NA,NA,Other,NA,NA,NA,NA,NA,NA,NA,NA,NA,NA,NA,NA,NA,NA,NA,NA,NA,NA,NA,NA,NA,NA,NA,NA,NA,NA,NA,Usability consistency,Designing with stakeholders,NA,NA,Conventions,Authors
Wordcraft: Story Writing With Large Language Models,https://doi.org/10.1145/3490099.3511105,2022,Drafting,Creative,Narrative,"General Direction, Specific Objectives",Implied,Profession,Profession,"Textual diversity, Textual coherence, Personalization",Textual coherence,Agency,"Ownership, Agency",Creativity,Creativity,"User, Other","Unknown, Extremely large (>1M)",Foundation model,Tool,"Generation, Rewriting","Unsupervised learning, Reinforcement learning",Prompt Engineering,Human-machine evaluation,"Style & adequacy, Linguistic quality",NA,Explicit,"Selection, Inspiration",Text editor,Separated,"None, Location",Tool,User-initiated,Generation,"Curated, Model",Input text,NA,NA,NA,NA,NA,NA
Will AI Console Me When I Lose My Pet? Understanding Perceptions of AI-Mediated Email Writing,https://doi.org/10.1145/3491102.3517731,2022,NA,NA,NA,NA,NA,NA,NA,NA,NA,Trust,Trust,NA,NA,NA,NA,NA,NA,NA,NA,NA,NA,NA,NA,NA,NA,NA,NA,NA,NA,NA,NA,NA,NA,NA,NA,NA,NA,NA,NA
Watch Me Write: Exploring the Effects of Revealing Creative Writing Process through Writing Replay,https://doi.org/10.1145/3527927.3532806,2022,NA,NA,NA,NA,NA,Profession,Profession,Textual coherence,Textual coherence,Ownership,Ownership,Creativity,Creativity,NA,NA,NA,NA,NA,NA,NA,NA,NA,NA,NA,NA,NA,NA,NA,NA,NA,NA,NA,NA,NA,"Designing with stakeholders, Designing for social writing",NA,NA,NA,"Readers, Authors, Writing"
TaleBrush: Sketching Stories with Generative Pretrained Language Models,https://doi.org/10.1145/3491102.3501819,2022,NA,NA,NA,NA,NA,Profession,Profession,"Textual diversity, Textual coherence","Textual diversity, Textual coherence","Ownership, Agency","Ownership, Agency",Creativity,Creativity,"User, Crowdworker",Medium (<10k),Foundation model,Data,Generation,"Supervised learning, Reinforcement learning","Prompt Engineering, Training from scratch, Fine-tuning","Automatic evaluation, Human-machine evaluation, Human evaluation",Linguistic quality,Cost,Explicit,Editing,Text editor,Input UI,Location,Tool,User-initiated,Generation,Model,Additional data,NA,Designing with stakeholders,NA,NA,Conventions,Writing
Sparks: Inspiration for Science Writing Using Language Models,https://doi.org/10.1145/3532106.3533533,2022,Idea generation,"Academic, Creative","Educational, Narrative",General Direction,Specified,Education,Education,"Textual coherence, Textual diversity","Textual coherence, Textual diversity",Ownership,Ownership,Writing expertise,Writing expertise,NA,NA,NA,NA,NA,NA,NA,NA,NA,NA,"Other, No control",Inspiration,Other,Separated,Location,Tool,User-initiated,Generation,Deterministic,Input text,NA,Designing with stakeholders,NA,NA,Conventions,Writing
Self-supervised Product Title Rewrite for Product Listing Ads,https://aclanthology.org/2022.naacl-industry.10,2022,NA,NA,NA,NA,NA,NA,NA,"Textual diversity, Textual coherence",Textual coherence,Ownership,Ownership,NA,NA,Machine,Medium (<10k),Foundation model,Data,Rewriting,Self-supervised learning,Fine-tuning,Automatic evaluation,Linguistic quality,NA,NA,NA,NA,NA,NA,NA,NA,NA,NA,NA,NA,NA,NA,NA,NA,NA
Modeling Persuasive Discourse to Adaptively Support Students' Argumentative Writing,https://aclanthology.org/2022.acl-long.599,2022,Revision,Professional,Educational,Specific Objectives,Implied,"Language & culture, Education","Language & culture, Education",NA,NA,NA,NA,Other,Other,Expert,Medium (<10k),Foundation model,Data,"Classification, Structured prediction",Supervised learning,Training from scratch,Automatic evaluation,"Other, Linguistic quality",NA,Implicit,Inspiration,Text editor,Separated,"Location, Media type, Formatting",Tool,User-initiated,Analysis,Model,Input text,NA,Designing with stakeholders,NA,Other,Conventions,Writing
Machine-in-the-Loop Rewriting for Creative Image Captioning,https://aclanthology.org/2022.naacl-main.42,2022,Revision,"Technical, Creative",Descriptive,Specific Objectives,Implied,NA,NA,Textual coherence,Textual coherence,Ownership,Ownership,Creativity,Writing expertise,"Other, Expert",Large (<1M),Deep neural network,Data,"Generation, Rewriting",Supervised learning,Fine-tuning,"Automatic evaluation, Human evaluation",Linguistic quality,Cost,"No control, Explicit","Editing, Selection",Text editor,"Writing area, Separated","Formatting, Location",Tool,User-initiated,"Proposal, Generation","Curated, Model",Input text,Technical interoperability,Designing with stakeholders,NA,NA,Conventions,Writing
Help me write a Poem: Instruction Tuning as a Vehicle for Collaborative Poetry Writing,https://aclanthology.org/2022.emnlp-main.460,2022,Drafting,Creative,Entertainment,General Direction,NA,Profession,Profession,"Textual coherence, Textual diversity","Textual coherence, Textual diversity",Agency,Agency,Creativity,Creativity,"Crowdworker, Other",Large (<1M),Deep neural network,Data,Generation,Supervised learning,Fine-tuning,"Automatic evaluation, Human evaluation",Linguistic quality,"Cost, Latency",Explicit,"Editing, Selection",Other,Separated,Location,"Tool, Agent",User-initiated,"Proposal, Generation",Model,Input text,NA,Designing with stakeholders,NA,NA,NA,Writing
From Tool to Companion: Storywriters Want AI Writers to Respect Their Personal Values and Writing Strategies,https://doi.org/10.1145/3532106.3533506,2022,NA,NA,NA,NA,NA,Profession,Profession,Textual coherence,Textual coherence,"Agency, Integrity, Trust",Agency,Writing expertise,Writing expertise,Machine,Large (<1M),Foundation model,Data,Generation,Supervised learning,Prompt Engineering,Human evaluation,Ethics,Cost,Explicit,Editing,Text editor,Writing area,Formatting,Agent,User-initiated,Generation,Deterministic,Input text,NA,Designing with stakeholders,NA,NA,Conventions,"Readers, Authors, Writing, Technologies"
Emotional Intensity Estimation based on Writer's Personality,https://aclanthology.org/2022.aacl-srw.1,2022,NA,NA,NA,NA,NA,NA,NA,NA,NA,NA,NA,NA,NA,Expert,Large (<1M),Deep neural network,Data,Classification,Supervised learning,Fine-tuning,Automatic evaluation,Linguistic quality,Cost,NA,NA,NA,NA,NA,NA,NA,NA,NA,NA,NA,NA,NA,NA,NA,NA
DramatVis Personae: Visual Text Analytics for Identifying Social Biases in Creative Writing,https://doi.org/10.1145/3532106.3533526,2022,"Drafting, Revision",Creative,"Narrative, Analytical","General Direction, Specific Objectives",Specified,"Race, Age, Gender",Gender,"Textual diversity, Textual coherence, Bias","Textual diversity, Textual coherence, Bias","Ownership, Agency","Ownership, Agency","Writing expertise, Creativity","Writing expertise, Creativity","User, Machine",Unknown,"Statistical ML model, Deep neural network","Tool, Data",Structured prediction,Supervised learning,Other,Human evaluation,"Linguistic quality, Ethics",Cost,"Implicit, Explicit","Editing, No integration",Text editor,Separated,"Formatting, Location",Tool,User-initiated,Analysis,Deterministic,Input text,NA,Designing with stakeholders,NA,NA,NA,Writing
CoAuthor: Designing a Human-AI Collaborative Writing Dataset for Exploring Language Model Capabilities,https://doi.org/10.1145/3491102.3502030,2022,NA,NA,NA,NA,NA,NA,NA,"Textual coherence, Textual diversity","Textual coherence, Textual diversity",Agency,Ownership,Writing expertise,Writing expertise,NA,NA,Foundation model,NA,Generation,NA,Tuning decoding parameters,NA,NA,NA,Implicit,Selection,Text editor,Writing area,Formatting,Tool,User-initiated,Generation,Model,Input text,NA,NA,NA,NA,NA,"Writing, Authors"
Beyond Text Generation: Supporting Writers with Continuous Automatic Text Summaries,https://doi.org/10.1145/3526113.3545672,2022,Revision,"Professional, Other",Analytical,General Direction,NA,Profession,NA,NA,NA,NA,NA,Efficiency,Efficiency,NA,Extremely large (>1M),Foundation model,NA,Classification,"Unsupervised learning, Supervised learning",NA,Human evaluation,Other,NA,"Implicit, Explicit",Inspiration,Text editor,Separated,Location,Tool,System-initiated,Analysis,Model,Input text,NA,Designing with stakeholders,NA,NA,NA,Writing
arXivEdits: Understanding the Human Revision Process in Scientific Writing,https://aclanthology.org/2022.emnlp-main.641,2022,Revision,Academic,Educational,General Direction,Implied,NA,NA,NA,NA,NA,NA,NA,NA,"Crowdworker, Other, Machine",Medium (<10k),Deep neural network,Data,Generation,Supervised learning,Fine-tuning,Human evaluation,Linguistic quality,Cost,NA,NA,NA,NA,NA,NA,NA,NA,NA,NA,NA,NA,NA,NA,NA,NA
Adaptive Empathy Learning Support in Peer Review Scenarios,https://doi.org/10.1145/3491102.3517740,2022,Revision,"Professional, Personal",Educational,Specific Objectives,Implied,Education,Education,Other,Other,Ownership,Ownership,Empathy,Empathy,"Other, Expert",Medium (<10k),Deep neural network,NA,Classification,Supervised learning,NA,"Human-machine evaluation, Human evaluation",Other,NA,No control,No integration,Other,Custom,Location,Tool,User-initiated,Analysis,Curated,Input text,Technical interoperability,"Designing with stakeholders, Designing for social writing",NA,NA,NA,"Authors, Writing"
QuoteR: A Benchmark of Quote Recommendation for Writing,https://aclanthology.org/2022.acl-long.27,2022,Idea generation,Creative,Persuasive,General Direction,NA,NA,NA,NA,NA,NA,NA,NA,NA,"Other, Machine",Medium (<10k),Deep neural network,Data,Classification,Supervised learning,Fine-tuning,Machine-learned evaluation,Linguistic quality,Cost,NA,NA,NA,NA,NA,NA,NA,NA,NA,NA,NA,NA,NA,NA,NA,NA
Your Text Is Hard to Read: Facilitating Readability Awareness to Support Writing Proficiency in Text Production,https://doi.org/10.1145/3563657.3596052,2023,Revision,Professional,"Feedback, Persuasive","Detailed Requirements, General Direction",Specified,NA,NA,Textual coherence,Textual coherence,"Ownership, Availability, Trust","Ownership, Availability, Trust, Agency",Writing expertise,Writing expertise,Expert,Unknown,"Statistical ML model, Rule-based model",Data,Regression,Supervised learning,Fine-tuning,Machine-learned evaluation,Linguistic quality,Cost,"Implicit, Explicit","Inspiration, No integration","Other, Text editor",Separated,Location,Tool,User-initiated,Analysis,Deterministic,Input text,NA,Designing with stakeholders,NA,NA,NA,Writing
Visualize Before You Write: Imagination-Guided Open-Ended Text Generation,https://aclanthology.org/2023.findings-eacl.5,2023,NA,NA,NA,NA,NA,NA,NA,NA,NA,NA,NA,NA,NA,"Machine, Expert",Large (<1M),Foundation model,Data,Generation,Supervised learning,Fine-tuning,"Automatic evaluation, Human evaluation",Linguistic quality,Cost,NA,NA,NA,NA,NA,NA,NA,NA,NA,NA,NA,NA,NA,NA,NA,NA
To Revise or Not to Revise: Learning to Detect Improvable Claims for Argumentative Writing Support,https://aclanthology.org/2023.acl-long.880,2023,Revision,"Professional, Academic","Feedback, Persuasive","General Direction, Specific Objectives",Implied,Education,Education,Textual coherence,Textual coherence,Ownership,Ownership,Writing expertise,Writing expertise,"User, Machine",Large (<1M),Deep neural network,Data,Classification,Supervised learning,Fine-tuning,Automatic evaluation,Linguistic quality,Cost,NA,NA,NA,NA,NA,NA,NA,NA,NA,NA,NA,NA,NA,NA,NA,NA
Supporting Novices Author Audio Descriptions via Automatic Feedback,https://doi.org/10.1145/3544548.3581023,2023,Drafting,Other,Descriptive,Specific Objectives,Specified,"Other, Profession","Other, Profession","Textual diversity, Explainability","Textual coherence, Explainability",Other,Other,Efficiency,Efficiency,NA,NA,Rule-based model,Tool,NA,NA,NA,Human evaluation,Style & adequacy,NA,No control,"Inspiration, No integration",Text editor,Separated,Location,Tool,System-initiated,"Proposal, Analysis",Curated,Input text,NA,Designing with stakeholders,NA,NA,NA,Writing
Structured Persuasive Writing Support in Legal Education: A Model and Tool for German Legal Case Solutions,https://aclanthology.org/2023.findings-acl.145,2023,Revision,Professional,"Educational, Persuasive","Detailed Requirements, Specific Objectives",Specified,Education,Education,"Other, Explainability","Other, Explainability","Ownership, Trust","Ownership, Trust","Writing expertise, Other","Writing expertise, Other, Efficiency",Expert,Large (<1M),Foundation model,Data,Classification,Supervised learning,Fine-tuning,"Human evaluation, Automatic evaluation",Other,NA,Implicit,Inspiration,Text editor,Separated,"Location, Media type, Formatting",Tool,User-initiated,Analysis,Model,Input text,NA,Designing with stakeholders,NA,NA,Conventions,Writing
Social Dynamics of AI Support in Creative Writing,https://doi.org/10.1145/3544548.3580782,2023,NA,NA,NA,NA,NA,Profession,NA,Personalization,NA,Ownership,"Availability, Trust",Writing expertise,NA,NA,NA,NA,NA,NA,NA,NA,NA,NA,NA,NA,NA,NA,NA,NA,NA,NA,NA,NA,NA,NA,Designing with stakeholders,NA,NA,Conventions,NA
Smart Word Suggestions for Writing Assistance,https://aclanthology.org/2023.findings-acl.712,2023,Revision,NA,Feedback,Detailed Requirements,NA,NA,Language & culture,Textual coherence,Textual coherence,NA,NA,Writing expertise,Writing expertise,"Expert, Other, User",Extremely large (>1M),Foundation model,NA,"Rewriting, Classification",Supervised learning,Fine-tuning,"Automatic evaluation, Human-machine evaluation","Linguistic quality, Style & adequacy",NA,NA,NA,NA,NA,NA,NA,NA,Analysis,Model,Input text,NA,NA,NA,NA,NA,NA
Semi-Automated Approach for Evaluating Severe Weather Risk Communication,https://doi.org/10.1145/3544549.3585753,2023,NA,NA,NA,NA,NA,"Language & culture, Profession",NA,Other,NA,Other,NA,Efficiency,NA,Authors,Medium (<10k),NA,NA,NA,NA,NA,NA,NA,NA,NA,NA,NA,NA,NA,NA,NA,NA,NA,NA,NA,NA,NA,NA,NA,NA
Predicting Desirable Revisions of Evidence and Reasoning in Argumentative Writing,https://aclanthology.org/2023.findings-eacl.193,2023,Revision,Academic,"Feedback, Persuasive","Detailed Requirements, Specific Objectives",Implied,Education,Education,Other,NA,NA,NA,"Writing expertise, Other","Writing expertise, Other","User, Expert",Medium (<10k),"Foundation model, Deep neural network",NA,Classification,Supervised learning,Fine-tuning,"Automatic evaluation, Human evaluation, Human-machine evaluation",Other,NA,NA,NA,NA,NA,NA,NA,NA,NA,NA,NA,NA,NA,NA,NA,NA,NA
Mixed-Initiative Interaction with Computational Generative Systems,https://doi.org/10.1145/3544549.3577061,2023,NA,NA,NA,NA,NA,NA,NA,NA,NA,Agency,Ownership,Writing expertise,Writing expertise,NA,NA,NA,NA,NA,NA,NA,NA,NA,NA,Explicit,Selection,Text editor,"Writing area, Custom, Separated",Location,"Tool, Hybrid","User-initiated, System-initiated",Generation,Model,Input text,NA,NA,NA,NA,NA,NA
Metaphorian: Leveraging Large Language Models to Support Extended Metaphor Creation for Science Writing,https://doi.org/10.1145/3563657.3595996,2023,Idea generation,Creative,Entertainment,General Direction,NA,Profession,Profession,"Textual coherence, Textual diversity","Textual coherence, Textual diversity","Ownership, Transparency, Agency","Ownership, Agency",Creativity,Creativity,NA,NA,Foundation model,Data,Generation,Self-supervised learning,Prompt Engineering,Human evaluation,Style & adequacy,NA,Explicit,Inspiration,"Other, Text editor","Custom, Separated",Location,Tool,User-initiated,Proposal,Model,Additional data,NA,Designing with stakeholders,NA,NA,Conventions,"Authors, Writing"
Lettersmith: Scaffolding Written Professional Communication Among College Students,https://doi.org/10.1145/3544548.3581029,2023,Drafting,Professional,"Educational, Persuasive",Specific Objectives,Implied,Education,Education,Textual coherence,Textual coherence,NA,NA,Writing expertise,Writing expertise,NA,NA,NA,NA,NA,NA,NA,NA,NA,NA,Explicit,Inspiration,Text editor,Separated,Location,Tool,User-initiated,NA,Deterministic,NA,NA,Designing with stakeholders,NA,NA,Conventions,"Authors, Writing"
Interacting with Next-Phrase Suggestions: How Suggestion Systems Aid and Influence the Cognitive Processes of Writing,https://doi.org/10.1145/3581641.3584060,2023,Drafting,"Professional, Journalistic",Feedback,General Direction,Implied,Language & culture,Language & culture,Textual coherence,"Textual coherence, Bias",NA,Agency,NA,Cognition,Other,Large (<1M),Foundation model,NA,Generation,Self-supervised learning,Fine-tuning,Human evaluation,"Controllability, Style & adequacy",NA,"No control, Explicit",Selection,Text editor,Writing area,"Formatting, Location",Tool,"User-initiated, System-initiated",Generation,Model,Input text,NA,Designing with stakeholders,NA,NA,NA,Authors
Fiction-Writing Mode: An Effective Control for Human-Machine Collaborative Writing,https://aclanthology.org/2023.eacl-main.128,2023,Drafting,Creative,Narrative,General Direction,NA,Profession,Profession,Textual coherence,Textual coherence,NA,NA,Writing expertise,Efficiency,Crowdworker,Medium (<10k),Foundation model,NA,"Generation, Classification",Supervised learning,Fine-tuning,"Automatic evaluation, Machine-learned evaluation, Human evaluation","Linguistic quality, Controllability, Style & adequacy",NA,NA,NA,NA,NA,NA,NA,NA,NA,NA,NA,NA,NA,NA,NA,NA,NA
Effidit: An Assistant for Improving Writing Efficiency,https://aclanthology.org/2023.acl-demo.49,2023,"Drafting, Revision",Other,"Other, Entertainment","General Direction, Specific Objectives",NA,NA,NA,NA,NA,NA,NA,NA,NA,NA,NA,Deep neural network,Data,"Classification, Rewriting, Generation",NA,NA,NA,Other,NA,Explicit,"Selection, Inspiration","Other, Text editor",Separated,Location,"Tool, Agent",User-initiated,Generation,Model,Input text,NA,NA,NA,NA,NA,NA
Co-Writing with Opinionated Language Models Affects Users’ Views,https://doi.org/10.1145/3544548.3581196,2023,Drafting,Personal,"Other, Persuasive","Nonspecific, General Direction",Implied,NA,NA,Bias,Bias,NA,Trust,Other,"Other, Empathy, Technical proficiency",Other,Extremely large (>1M),Foundation model,NA,Generation,Self-supervised learning,Prompt Engineering,Human evaluation,"Controllability, Style & adequacy",Latency,No control,Selection,Text editor,Writing area,Formatting,"Tool, Agent","User-initiated, System-initiated",Generation,Model,Input text,NA,Designing with stakeholders,NA,NA,NA,Writing
Co-Writing Screenplays and Theatre Scripts with Language Models: Evaluation by Industry Professionals,https://doi.org/10.1145/3544548.3581225,2023,Drafting,"Professional, Creative","Narrative, Descriptive","General Direction, Specific Objectives",Implied,Profession,Profession,"Textual diversity, Textual coherence","Textual diversity, Bias",NA,Ownership,Creativity,Creativity,Other,Extremely large (>1M),Foundation model,NA,Generation,Self-supervised learning,Prompt Engineering,Human evaluation,Style & adequacy,NA,Explicit,"Editing, Selection","Other, Text editor","Writing area, Separated","None, Location",Tool,User-initiated,Generation,Model,Input text,NA,Designing with stakeholders,NA,NA,Conventions,Writing
Choice Over Control: How Users Write with Large Language Models Using Diegetic and Non-Diegetic Prompting,https://doi.org/10.1145/3544548.3580969,2023,Drafting,"Creative, Academic","Narrative, Persuasive","Nonspecific, General Direction",NA,NA,Language & culture,Other,Other,Agency,Agency,Efficiency,Efficiency,Other,Extremely large (>1M),Foundation model,NA,Generation,Self-supervised learning,Prompt Engineering,Human-machine evaluation,Linguistic quality,NA,"No control, Explicit",Selection,Text editor,"Writing area, Separated","Formatting, Location",Tool,User-initiated,"Proposal, Generation",Model,Input text,NA,Designing with stakeholders,NA,NA,NA,Writing
AI Writing Assistants Influence Topic Choice in Self-Presentation,https://doi.org/10.1145/3544549.3585893,2023,Drafting,Personal,Expository,General Direction,Specified,NA,Language & culture,"Textual diversity, Bias",Bias,NA,"Agency, Ownership",NA,"Creativity, Efficiency",Other,Medium (<10k),Foundation model,NA,Generation,Self-supervised learning,Fine-tuning,"Human-machine evaluation, Machine-learned evaluation",Controllability,NA,NA,NA,NA,NA,NA,NA,NA,NA,NA,NA,Technical interoperability,Designing with stakeholders,NA,Free and open-source software,NA,Writing
SongRewriter: A Chinese Song Rewriting System with Controllable Content and Rhyme Scheme,https://aclanthology.org/2023.findings-acl.814,2023,Revision,Creative,Entertainment,Specific Objectives,NA,"Language & culture, Profession",Education,Textual coherence,Textual coherence,NA,NA,"Writing expertise, Efficiency, Creativity",NA,Other,Unknown,Foundation model,Tool,Rewriting,Self-supervised learning,"Fine-tuning, Prompt Engineering","Automatic evaluation, Human-machine evaluation","Linguistic quality, Controllability, Style & adequacy",NA,Explicit,Editing,NA,NA,NA,NA,NA,Generation,Model,NA,NA,NA,NA,NA,NA,NA
Where to Hide a Stolen Elephant: Leaps in Creative Writing with Multimodal Machine Intelligence,https://doi.org/10.1145/3511599,2023,Drafting,Creative,Narrative,"Nonspecific, Specific Objectives",NA,Profession,"Education, Language & culture",Textual diversity,Explainability,"Agency, Availability",Availability,Creativity,Creativity,Other,Large (<1M),Foundation model,NA,Generation,Self-supervised learning,Fine-tuning,Human evaluation,Other,"Latency, Cost",Implicit,Inspiration,Text editor,Separated,Media type,Tool,User-initiated,Generation,Model,Input text,Technical interoperability,Designing with stakeholders,NA,NA,NA,Writing